MERN Stack Developer | link: None ,,
Web Designer/Developer | link: None ,,
Web Developer | link: None ,,
Web Developer | link: None ,,
Web Developer Intern | link: None ,,
Web Developer | link: None ,,
Web Developer | link: None ,,
Web Developer | link: None ,,
Web Developer | link: None ,,
React.JS Developer Interns | link: None ,,
PHP Laravel Developer (2+ years of Exp) for Ahmedabad | link: None ,,
Web Developer | link: None ,,
Web Developer (Remote) | link: None ,,
Full Stack Developer | link: None ,,
HTML, CSS, JavaScript | link: None 

Systems Developer Analyst | link: None 
MERN Stack Developer | link: None 
Web Developer | link: None 
Web Developer | link: None 
Web Developer | link: None 
C++/Chromium Developer | link: None 
React.JS Developer Interns | link: None 
Web Developer | link: None 
Web Developer | link: None 
Full Stack Web Developer | link: None 
HTML, CSS, JavaScript | link: None 
Freelance Web Developer | link: None 
Software Developer Intern | link: None 
Freelance Web Developer | link: None 
Web Developer | link: None 


